Hugo_Symbol	Entrez_Gene_Id	Center	NCBI_Build	Chromosome	Start_Position	End_position	Strand	Variant_Classification	Variant_Type	Reference_Allele	Tumor_Seq_Allele1	Tumor_Seq_Allele2	Tumor_Sample_Barcode	Protein_Change	i_TumorVAF_WU	i_transcript_name	Mutation_Class	AA_Position
DNMT3A	1788	genome.wustl.edu	37	2	25470531	25470531	+	Frame_Shift_Del	DEL	T	T	-	TCGA-AB-2938	p.M315fs	23.53	NM_022552.3	Truncating	315
DNMT3A	1788	genome.wustl.edu	37	2	25470516	25470516	+	Nonsense_Mutation	SNP	G	G	A	TCGA-AB-2928	p.R320*	44.36	NM_022552.3	Truncating	320
DNMT3A	1788	genome.wustl.edu	37	2	25469055	25469055	+	Missense_Mutation	SNP	T	T	C	TCGA-AB-2867	p.K468R	31.25	NM_022552.3	Missense	468
DNMT3A	1788	genome.wustl.edu	37	2	25469029	25469029	+	Splice_Site	SNP	C	C	A	TCGA-AB-2968	p.E477*	40	NM_022552.3	Truncating	477
DNMT3A	1788	genome.wustl.edu	37	2	25468910	25468910	+	Nonsense_Mutation	SNP	G	G	A	TCGA-AB-2869	p.Q485*	51.11	NM_022552.3	Truncating	485
DNMT3A	1788	genome.wustl.edu	37	2	25468186	25468186	+	Missense_Mutation	SNP	C	C	T	TCGA-AB-2919	p.C497Y	60.47	NM_022552.3	Missense	497
DNMT3A	1788	genome.wustl.edu	37	2	25468163	25468163	+	Nonsense_Mutation	SNP	C	C	A	TCGA-AB-2967	p.E505*	54.22	NM_022552.3	Truncating	505
DNMT3A	1788	genome.wustl.edu	37	2	25468133	25468133	+	Nonsense_Mutation	SNP	G	G	A	TCGA-AB-2839	p.Q515*	55.56	NM_022552.3	Truncating	515
DNMT3A	1788	genome.wustl.edu	37	2	25467106	25467106	+	Frame_Shift_Del	DEL	C	C	-	TCGA-AB-2966	p.G590fs	0	NM_022552.3	Truncating	590
DNMT3A	1788	genome.wustl.edu	37	2	25467032	25467032	+	Nonsense_Mutation	SNP	G	G	A	TCGA-AB-2861	p.Q615*	61.54	NM_022552.3	Truncating	615
DNMT3A	1788	genome.wustl.edu	37	2	25467030	25467030	+	Frame_Shift_Del	DEL	C	C	-	TCGA-AB-2851	p.Q615fs	0	NM_022552.3	Truncating	615
DNMT3A	1788	genome.wustl.edu	37	2	25464576	25464576	+	Splice_Site	SNP	C	C	A	TCGA-AB-2934	p.G646V	37.5	NM_022552.3	Truncating	646
DNMT3A	1788	genome.wustl.edu	37	2	25463529	25463529	+	Missense_Mutation	SNP	G	G	A	TCGA-AB-2887	p.P718L	93.33	NM_022552.3	Missense	718
DNMT3A	1788	genome.wustl.edu	37	2	25463514	25463514	+	Frame_Shift_Del	DEL	A	A	-	TCGA-AB-2993	p.L723fs	45.28	NM_022552.3	Truncating	723
DNMT3A	1788	genome.wustl.edu	37	2	25463307	25463307	+	Missense_Mutation	SNP	C	C	T	TCGA-AB-2891	p.R729Q	48.48	NM_022552.3	Missense	729
DNMT3A	1788	genome.wustl.edu	37	2	25463308	25463308	+	Missense_Mutation	SNP	G	G	A	TCGA-AB-2912	p.R729W	49.06	NM_022552.3	Missense	729
DNMT3A	1788	genome.wustl.edu	37	2	25463286	25463286	+	Missense_Mutation	SNP	C	C	T	TCGA-AB-2824	p.R736H	50	NM_022552.3	Missense	736
DNMT3A	1788	genome.wustl.edu	37	2	25463286	25463286	+	Missense_Mutation	SNP	C	C	T	TCGA-AB-2934	p.R736H	41.27	NM_022552.3	Missense	736
DNMT3A	1788	genome.wustl.edu	37	2	25463271	25463271	+	Missense_Mutation	SNP	G	G	A	TCGA-AB-2968	p.A741V	47.83	NM_022552.3	Missense	741
DNMT3A	1788	genome.wustl.edu	37	2	25462065	25462065	+	Missense_Mutation	SNP	T	T	C	TCGA-AB-2928	p.D781G	40.62	NM_022552.3	Missense	781
DNMT3A	1788	genome.wustl.edu	37	2	25462032	25462032	+	Missense_Mutation	SNP	C	C	T	TCGA-AB-2898	p.R792H	42.22	NM_022552.3	Missense	792
DNMT3A	1788	genome.wustl.edu	37	2	25459874	25459874	+	Splice_Site	SNP	C	C	G	TCGA-AB-2818	p.R803S	36.84	NM_022552.3	Truncating	803
DNMT3A	1788	genome.wustl.edu	37	2	25458687	25458687	+	Missense_Mutation	SNP	T	T	C	TCGA-AB-2867	p.K829R	38.67	NM_022552.3	Missense	829
DNMT3A	1788	genome.wustl.edu	37	2	25457243	25457243	+	Missense_Mutation	SNP	G	G	A	TCGA-AB-2802	p.R882C	28.33	NM_022552.3	Missense	882
DNMT3A	1788	genome.wustl.edu	37	2	25457243	25457243	+	Missense_Mutation	SNP	G	G	A	TCGA-AB-2816	p.R882C	48.98	NM_022552.3	Missense	882
DNMT3A	1788	genome.wustl.edu	37	2	25457243	25457243	+	Missense_Mutation	SNP	G	G	A	TCGA-AB-2908	p.R882C	41.67	NM_022552.3	Missense	882
DNMT3A	1788	genome.wustl.edu	37	2	25457243	25457243	+	Missense_Mutation	SNP	G	G	A	TCGA-AB-2916	p.R882C	30.11	NM_022552.3	Missense	882
DNMT3A	1788	genome.wustl.edu	37	2	25457243	25457243	+	Missense_Mutation	SNP	G	G	A	TCGA-AB-2931	p.R882C	46.51	NM_022552.3	Missense	882
DNMT3A	1788	genome.wustl.edu	37	2	25457243	25457243	+	Missense_Mutation	SNP	G	G	A	TCGA-AB-2974	p.R882C	56.25	NM_022552.3	Missense	882
DNMT3A	1788	genome.wustl.edu	37	2	25457243	25457243	+	Missense_Mutation	SNP	G	G	A	TCGA-AB-2981	p.R882C	50.48	NM_022552.3	Missense	882
DNMT3A	1788	genome.wustl.edu	37	2	25457242	25457242	+	Missense_Mutation	SNP	C	C	T	TCGA-AB-2809	p.R882H	38.32	NM_022552.3	Missense	882
DNMT3A	1788	genome.wustl.edu	37	2	25457242	25457242	+	Missense_Mutation	SNP	C	C	T	TCGA-AB-2825	p.R882H	43.24	NM_022552.3	Missense	882
DNMT3A	1788	genome.wustl.edu	37	2	25457242	25457242	+	Missense_Mutation	SNP	C	C	T	TCGA-AB-2833	p.R882H	51.26	NM_022552.3	Missense	882
DNMT3A	1788	genome.wustl.edu	37	2	25457242	25457242	+	Missense_Mutation	SNP	C	C	T	TCGA-AB-2853	p.R882H	41.12	NM_022552.3	Missense	882
DNMT3A	1788	genome.wustl.edu	37	2	25457242	25457242	+	Missense_Mutation	SNP	C	C	T	TCGA-AB-2859	p.R882H	35.61	NM_022552.3	Missense	882
DNMT3A	1788	genome.wustl.edu	37	2	25457242	25457242	+	Missense_Mutation	SNP	C	C	T	TCGA-AB-2863	p.R882H	47.34	NM_022552.3	Missense	882
DNMT3A	1788	genome.wustl.edu	37	2	25457242	25457242	+	Missense_Mutation	SNP	C	C	T	TCGA-AB-2864	p.R882H	50	NM_022552.3	Missense	882
DNMT3A	1788	genome.wustl.edu	37	2	25457242	25457242	+	Missense_Mutation	SNP	C	C	T	TCGA-AB-2873	p.R882H	32.43	NM_022552.3	Missense	882
DNMT3A	1788	genome.wustl.edu	37	2	25457242	25457242	+	Missense_Mutation	SNP	C	C	T	TCGA-AB-2884	p.R882H	43.88	NM_022552.3	Missense	882
DNMT3A	1788	genome.wustl.edu	37	2	25457242	25457242	+	Missense_Mutation	SNP	C	C	T	TCGA-AB-2895	p.R882H	47.06	NM_022552.3	Missense	882
DNMT3A	1788	genome.wustl.edu	37	2	25457242	25457242	+	Missense_Mutation	SNP	C	C	T	TCGA-AB-2896	p.R882H	43.14	NM_022552.3	Missense	882
DNMT3A	1788	genome.wustl.edu	37	2	25457242	25457242	+	Missense_Mutation	SNP	C	C	T	TCGA-AB-2925	p.R882H	42.34	NM_022552.3	Missense	882
DNMT3A	1788	genome.wustl.edu	37	2	25457242	25457242	+	Missense_Mutation	SNP	C	C	T	TCGA-AB-2945	p.R882H	58.33	NM_022552.3	Missense	882
DNMT3A	1788	genome.wustl.edu	37	2	25457242	25457242	+	Missense_Mutation	SNP	C	C	T	TCGA-AB-2947	p.R882H	40	NM_022552.3	Missense	882
DNMT3A	1788	genome.wustl.edu	37	2	25457242	25457242	+	Missense_Mutation	SNP	C	C	T	TCGA-AB-2949	p.R882H	44.68	NM_022552.3	Missense	882
DNMT3A	1788	genome.wustl.edu	37	2	25457242	25457242	+	Missense_Mutation	SNP	C	C	T	TCGA-AB-2955	p.R882H	40	NM_022552.3	Missense	882
DNMT3A	1788	genome.wustl.edu	37	2	25457242	25457242	+	Missense_Mutation	SNP	C	C	T	TCGA-AB-2965	p.R882H	45.45	NM_022552.3	Missense	882
DNMT3A	1788	genome.wustl.edu	37	2	25457242	25457242	+	Missense_Mutation	SNP	C	C	T	TCGA-AB-2975	p.R882H	65.62	NM_022552.3	Missense	882
DNMT3A	1788	genome.wustl.edu	37	2	25457242	25457242	+	Missense_Mutation	SNP	C	C	T	TCGA-AB-2987	p.R882H	33.63	NM_022552.3	Missense	882
DNMT3A	1788	genome.wustl.edu	37	2	25457242	25457242	+	Missense_Mutation	SNP	C	C	G	TCGA-AB-2830	p.R882P	21.31	NM_022552.3	Missense	882
DNMT3A	1788	genome.wustl.edu	37	2	25457161	25457161	+	Missense_Mutation	SNP	A	A	C	TCGA-AB-2988	p.F909C	45.44	NM_022552.3	Missense	909
DNMT3A	1788	genome.wustl.edu	37	2	25467208	25467208	+	Splice_Site	SNP	C	C	T	TCGA-AB-2822		62.96	NM_022552.3	Truncating	NA
DNMT3A	1788	genome.wustl.edu	37	2	25467022	25467022	+	Splice_Site	SNP	A	A	G	TCGA-AB-2891		34.78	NM_022552.3	Truncating	NA
DNMT3A	1788	genome.wustl.edu	37	2	25459803	25459803	+	Splice_Site	SNP	A	A	C	TCGA-AB-2898		46.43	NM_022552.3	Truncating	NA
